Type,Local Number,Message,Field 1,Value 1,Units 1,Field 2,Value 2,Units 2,Field 3,Value 3,Units 3,Field 4,Value 4,Units 4,Field 5,Value 5,Units 5,Field 6,Value 6,Units 6,Field 7,Value 7,Units 7,Field 8,Value 8,Units 8,Field 9,Value 9,Units 9,
Definition,0,file_id,serial_number,1,,time_created,1,,manufacturer,1,,product,1,,number,1,,unknown,1,,type,1,,
Data,0,file_id,serial_number,"3890480751",,time_created,"998819619",,manufacturer,"1",,garmin_product,"1837",,number,"4",,unknown,"0",,type,"32",,
Definition,0,device_info,timestamp,1,,serial_number,1,,manufacturer,1,,product,1,,software_version,1,,battery_voltage,1,,hardware_version,1,,battery_status,1,,unknown,1,,
Data,0,device_info,timestamp,"998842200",s,serial_number,"3890480751",,manufacturer,"0",,product,"1837",,software_version,"4.9",,battery_voltage,"5.359375",V,hardware_version,"1",,battery_status,"4",,unknown,"1",,
Definition,1,monitoring,timestamp,1,,cycles,1,,active_time,1,,active_calories,1,,duration_min,1,,activity_type,1,,,,,,,,,,,
Definition,2,monitoring,timestamp_16,1,,heart_rate,1,,,,,,,,,,,,,,,,,,,,,,,
Definition,3,monitoring,timestamp_16,1,,current_activity_type_intensity,1,,,,,,,,,,,,,,,,,,,,,,,
Definition,4,monitoring,cycles,1,,active_time,1,,timestamp_16,1,,current_activity_type_intensity,1,,,,,,,,,,,,,,,,,
Definition,5,monitoring,cycles,1,,active_time,1,,active_calories,1,,timestamp_16,1,,current_activity_type_intensity,1,,,,,,,,,,,,,,
Definition,6,event,timestamp,1,,data16,1,,event,1,,event_type,1,,,,,,,,,,,,,,,,,
Definition,0,monitoring_info,timestamp,1,,local_timestamp,1,,cycles_to_distance,2,,cycles_to_calories,2,,unknown,2,,resting_metabolic_rate,1,,activity_type,2,,,,,,,,
Data,0,monitoring_info,timestamp,"998819619",s,local_timestamp,"998855619",s,cycles_to_distance,"1.336|1.8704",m/cycle,cycles_to_calories,"0.0316|0.0928",kcal/cycle,unknown,"8268|8268",,resting_metabolic_rate,"1550",kcal / day,activity_type,"6|1",,,,,,,,
Data,3,monitoring,timestamp_16,"50979",s,current_activity_type_intensity,"232",,activity_type,"8",,intensity,"7.0",,,,,,,,,,,,,,,,,
Data,3,monitoring,timestamp_16,"51060",s,current_activity_type_intensity,"104",,activity_type,"8",,intensity,"3.0",,,,,,,,,,,,,,,,,
Data,3,monitoring,timestamp_16,"51420",s,current_activity_type_intensity,"8",,activity_type,"8",,intensity,"0.0",,,,,,,,,,,,,,,,,
Data,3,monitoring,timestamp_16,"51540",s,current_activity_type_intensity,"168",,activity_type,"8",,intensity,"5.0",,,,,,,,,,,,,,,,,
Data,2,monitoring,timestamp_16,"51541",s,heart_rate,"81",bpm,,,,,,,,,,,,,,,,,,,,,,
Data,2,monitoring,timestamp_16,"51543",s,heart_rate,"89",bpm,,,,,,,,,,,,,,,,,,,,,,
Data,2,monitoring,timestamp_16,"51602",s,heart_rate,"105",bpm,,,,,,,,,,,,,,,,,,,,,,
Data,2,monitoring,timestamp_16,"51609",s,heart_rate,"108",bpm,,,,,,,,,,,,,,,,,,,,,,
Data,2,monitoring,timestamp_16,"51610",s,heart_rate,"111",bpm,,,,,,,,,,,,,,,,,,,,,,
Data,2,monitoring,timestamp_16,"51612",s,heart_rate,"114",bpm,,,,,,,,,,,,,,,,,,,,,,
Data,2,monitoring,timestamp_16,"51627",s,heart_rate,"114",bpm,,,,,,,,,,,,,,,,,,,,,,
Data,2,monitoring,timestamp_16,"51642",s,heart_rate,"114",bpm,,,,,,,,,,,,,,,,,,,,,,
Data,2,monitoring,timestamp_16,"51645",s,heart_rate,"119",bpm,,,,,,,,,,,,,,,,,,,,,,
Data,2,monitoring,timestamp_16,"51646",s,heart_rate,"124",bpm,,,,,,,,,,,,,,,,,,,,,,
Data,2,monitoring,timestamp_16,"51656",s,heart_rate,"116",bpm,,,,,,,,,,,,,,,,,,,,,,
Data,2,monitoring,timestamp_16,"51673",s,heart_rate,"118",bpm,,,,,,,,,,,,,,,,,,,,,,
Data,2,monitoring,timestamp_16,"51677",s,heart_rate,"110",bpm,,,,,,,,,,,,,,,,,,,,,,
Data,2,monitoring,timestamp_16,"51692",s,heart_rate,"110",bpm,,,,,,,,,,,,,,,,,,,,,,
Data,2,monitoring,timestamp_16,"51707",s,heart_rate,"113",bpm,,,,,,,,,,,,,,,,,,,,,,
Data,2,monitoring,timestamp_16,"51713",s,heart_rate,"106",bpm,,,,,,,,,,,,,,,,,,,,,,
Data,2,monitoring,timestamp_16,"51729",s,heart_rate,"106",bpm,,,,,,,,,,,,,,,,,,,,,,
Data,2,monitoring,timestamp_16,"51734",s,heart_rate,"100",bpm,,,,,,,,,,,,,,,,,,,,,,
Data,2,monitoring,timestamp_16,"51744",s,heart_rate,"105",bpm,,,,,,,,,,,,,,,,,,,,,,
Data,2,monitoring,timestamp_16,"51757",s,heart_rate,"100",bpm,,,,,,,,,,,,,,,,,,,,,,
Data,2,monitoring,timestamp_16,"51772",s,heart_rate,"100",bpm,,,,,,,,,,,,,,,,,,,,,,
Data,2,monitoring,timestamp_16,"51774",s,heart_rate,"89",bpm,,,,,,,,,,,,,,,,,,,,,,
Data,2,monitoring,timestamp_16,"51778",s,heart_rate,"81",bpm,,,,,,,,,,,,,,,,,,,,,,
Data,2,monitoring,timestamp_16,"51792",s,heart_rate,"73",bpm,,,,,,,,,,,,,,,,,,,,,,
Data,2,monitoring,timestamp_16,"51807",s,heart_rate,"73",bpm,,,,,,,,,,,,,,,,,,,,,,
Data,2,monitoring,timestamp_16,"51822",s,heart_rate,"73",bpm,,,,,,,,,,,,,,,,,,,,,,
Data,2,monitoring,timestamp_16,"51837",s,heart_rate,"73",bpm,,,,,,,,,,,,,,,,,,,,,,
Data,2,monitoring,timestamp_16,"51854",s,heart_rate,"73",bpm,,,,,,,,,,,,,,,,,,,,,,
Data,2,monitoring,timestamp_16,"51869",s,heart_rate,"73",bpm,,,,,,,,,,,,,,,,,,,,,,
Data,2,monitoring,timestamp_16,"51884",s,heart_rate,"73",bpm,,,,,,,,,,,,,,,,,,,,,,
Data,2,monitoring,timestamp_16,"51886",s,heart_rate,"79",bpm,,,,,,,,,,,,,,,,,,,,,,
Data,2,monitoring,timestamp_16,"51888",s,heart_rate,"84",bpm,,,,,,,,,,,,,,,,,,,,,,
Data,2,monitoring,timestamp_16,"51898",s,heart_rate,"78",bpm,,,,,,,,,,,,,,,,,,,,,,
Data,2,monitoring,timestamp_16,"51899",s,heart_rate,"75",bpm,,,,,,,,,,,,,,,,,,,,,,
Data,2,monitoring,timestamp_16,"51906",s,heart_rate,"70",bpm,,,,,,,,,,,,,,,,,,,,,,
Data,2,monitoring,timestamp_16,"51917",s,heart_rate,"63",bpm,,,,,,,,,,,,,,,,,,,,,,
Data,2,monitoring,timestamp_16,"51919",s,heart_rate,"59",bpm,,,,,,,,,,,,,,,,,,,,,,
Data,2,monitoring,timestamp_16,"51928",s,heart_rate,"55",bpm,,,,,,,,,,,,,,,,,,,,,,
Data,2,monitoring,timestamp_16,"51943",s,heart_rate,"56",bpm,,,,,,,,,,,,,,,,,,,,,,
Data,2,monitoring,timestamp_16,"51949",s,heart_rate,"64",bpm,,,,,,,,,,,,,,,,,,,,,,
Data,2,monitoring,timestamp_16,"51965",s,heart_rate,"65",bpm,,,,,,,,,,,,,,,,,,,,,,
Data,2,monitoring,timestamp_16,"51980",s,heart_rate,"65",bpm,,,,,,,,,,,,,,,,,,,,,,
Data,2,monitoring,timestamp_16,"51995",s,heart_rate,"64",bpm,,,,,,,,,,,,,,,,,,,,,,
Data,2,monitoring,timestamp_16,"52007",s,heart_rate,"72",bpm,,,,,,,,,,,,,,,,,,,,,,
Data,2,monitoring,timestamp_16,"52008",s,heart_rate,"77",bpm,,,,,,,,,,,,,,,,,,,,,,
Data,2,monitoring,timestamp_16,"52024",s,heart_rate,"77",bpm,,,,,,,,,,,,,,,,,,,,,,
Data,2,monitoring,timestamp_16,"52029",s,heart_rate,"71",bpm,,,,,,,,,,,,,,,,,,,,,,
Data,2,monitoring,timestamp_16,"52039",s,heart_rate,"64",bpm,,,,,,,,,,,,,,,,,,,,,,
Data,2,monitoring,timestamp_16,"52054",s,heart_rate,"64",bpm,,,,,,,,,,,,,,,,,,,,,,
Data,2,monitoring,timestamp_16,"52069",s,heart_rate,"64",bpm,,,,,,,,,,,,,,,,,,,,,,
Data,2,monitoring,timestamp_16,"52085",s,heart_rate,"64",bpm,,,,,,,,,,,,,,,,,,,,,,
Data,2,monitoring,timestamp_16,"52100",s,heart_rate,"64",bpm,,,,,,,,,,,,,,,,,,,,,,
Data,2,monitoring,timestamp_16,"52115",s,heart_rate,"64",bpm,,,,,,,,,,,,,,,,,,,,,,
Data,2,monitoring,timestamp_16,"52130",s,heart_rate,"64",bpm,,,,,,,,,,,,,,,,,,,,,,
Data,2,monitoring,timestamp_16,"52146",s,heart_rate,"64",bpm,,,,,,,,,,,,,,,,,,,,,,
Data,2,monitoring,timestamp_16,"52161",s,heart_rate,"64",bpm,,,,,,,,,,,,,,,,,,,,,,
Data,2,monitoring,timestamp_16,"52176",s,heart_rate,"64",bpm,,,,,,,,,,,,,,,,,,,,,,
Data,2,monitoring,timestamp_16,"52201",s,heart_rate,"64",bpm,,,,,,,,,,,,,,,,,,,,,,
Data,2,monitoring,timestamp_16,"52216",s,heart_rate,"64",bpm,,,,,,,,,,,,,,,,,,,,,,
Data,2,monitoring,timestamp_16,"52225",s,heart_rate,"60",bpm,,,,,,,,,,,,,,,,,,,,,,
Data,2,monitoring,timestamp_16,"52228",s,heart_rate,"55",bpm,,,,,,,,,,,,,,,,,,,,,,
Data,2,monitoring,timestamp_16,"52230",s,heart_rate,"52",bpm,,,,,,,,,,,,,,,,,,,,,,
Data,2,monitoring,timestamp_16,"52241",s,heart_rate,"48",bpm,,,,,,,,,,,,,,,,,,,,,,
Data,2,monitoring,timestamp_16,"52256",s,heart_rate,"48",bpm,,,,,,,,,,,,,,,,,,,,,,
Data,5,monitoring,steps,"1270",steps,active_time,"621.0",s,active_calories,"26",kcal,timestamp_16,"52260",s,current_activity_type_intensity,"102",,activity_type,"6",,intensity,"3.0",,,,,,,,
Data,2,monitoring,timestamp_16,"52263",s,heart_rate,"43",bpm,,,,,,,,,,,,,,,,,,,,,,
Data,2,monitoring,timestamp_16,"52275",s,heart_rate,"40",bpm,,,,,,,,,,,,,,,,,,,,,,
Data,2,monitoring,timestamp_16,"52290",s,heart_rate,"42",bpm,,,,,,,,,,,,,,,,,,,,,,
Data,2,monitoring,timestamp_16,"52305",s,heart_rate,"42",bpm,,,,,,,,,,,,,,,,,,,,,,
Data,2,monitoring,timestamp_16,"52321",s,heart_rate,"42",bpm,,,,,,,,,,,,,,,,,,,,,,
Data,2,monitoring,timestamp_16,"52326",s,heart_rate,"36",bpm,,,,,,,,,,,,,,,,,,,,,,
Data,2,monitoring,timestamp_16,"52330",s,heart_rate,"33",bpm,,,,,,,,,,,,,,,,,,,,,,
Data,2,monitoring,timestamp_16,"52345",s,heart_rate,"31",bpm,,,,,,,,,,,,,,,,,,,,,,
Data,2,monitoring,timestamp_16,"52360",s,heart_rate,"31",bpm,,,,,,,,,,,,,,,,,,,,,,
Data,2,monitoring,timestamp_16,"52375",s,heart_rate,"31",bpm,,,,,,,,,,,,,,,,,,,,,,
Data,2,monitoring,timestamp_16,"52378",s,heart_rate,"42",bpm,,,,,,,,,,,,,,,,,,,,,,
Data,2,monitoring,timestamp_16,"52379",s,heart_rate,"52",bpm,,,,,,,,,,,,,,,,,,,,,,
Data,2,monitoring,timestamp_16,"52381",s,heart_rate,"59",bpm,,,,,,,,,,,,,,,,,,,,,,
Data,2,monitoring,timestamp_16,"52396",s,heart_rate,"57",bpm,,,,,,,,,,,,,,,,,,,,,,
Data,2,monitoring,timestamp_16,"52404",s,heart_rate,"64",bpm,,,,,,,,,,,,,,,,,,,,,,
Data,2,monitoring,timestamp_16,"52419",s,heart_rate,"64",bpm,,,,,,,,,,,,,,,,,,,,,,
Data,2,monitoring,timestamp_16,"52434",s,heart_rate,"62",bpm,,,,,,,,,,,,,,,,,,,,,,
Data,2,monitoring,timestamp_16,"52437",s,heart_rate,"57",bpm,,,,,,,,,,,,,,,,,,,,,,
Data,2,monitoring,timestamp_16,"52448",s,heart_rate,"54",bpm,,,,,,,,,,,,,,,,,,,,,,
Data,2,monitoring,timestamp_16,"52453",s,heart_rate,"50",bpm,,,,,,,,,,,,,,,,,,,,,,
Data,2,monitoring,timestamp_16,"52468",s,heart_rate,"48",bpm,,,,,,,,,,,,,,,,,,,,,,
Data,2,monitoring,timestamp_16,"52483",s,heart_rate,"49",bpm,,,,,,,,,,,,,,,,,,,,,,
Data,2,monitoring,timestamp_16,"52498",s,heart_rate,"49",bpm,,,,,,,,,,,,,,,,,,,,,,
Data,2,monitoring,timestamp_16,"52514",s,heart_rate,"49",bpm,,,,,,,,,,,,,,,,,,,,,,
Data,2,monitoring,timestamp_16,"52529",s,heart_rate,"52",bpm,,,,,,,,,,,,,,,,,,,,,,
Data,2,monitoring,timestamp_16,"52544",s,heart_rate,"52",bpm,,,,,,,,,,,,,,,,,,,,,,
Data,2,monitoring,timestamp_16,"52559",s,heart_rate,"53",bpm,,,,,,,,,,,,,,,,,,,,,,
Data,4,monitoring,steps,"1831",steps,active_time,"910.0",s,timestamp_16,"52560",s,current_activity_type_intensity,"70",,activity_type,"6",,intensity,"2.0",,,,,,,,,,,
Data,2,monitoring,timestamp_16,"52573",s,heart_rate,"66",bpm,,,,,,,,,,,,,,,,,,,,,,
Data,2,monitoring,timestamp_16,"52574",s,heart_rate,"78",bpm,,,,,,,,,,,,,,,,,,,,,,
Data,2,monitoring,timestamp_16,"52576",s,heart_rate,"104",bpm,,,,,,,,,,,,,,,,,,,,,,
Data,2,monitoring,timestamp_16,"52577",s,heart_rate,"122",bpm,,,,,,,,,,,,,,,,,,,,,,
Data,2,monitoring,timestamp_16,"52578",s,heart_rate,"130",bpm,,,,,,,,,,,,,,,,,,,,,,
Data,2,monitoring,timestamp_16,"52579",s,heart_rate,"140",bpm,,,,,,,,,,,,,,,,,,,,,,
Data,2,monitoring,timestamp_16,"52582",s,heart_rate,"143",bpm,,,,,,,,,,,,,,,,,,,,,,
Data,2,monitoring,timestamp_16,"52592",s,heart_rate,"146",bpm,,,,,,,,,,,,,,,,,,,,,,
Data,2,monitoring,timestamp_16,"52595",s,heart_rate,"150",bpm,,,,,,,,,,,,,,,,,,,,,,
Data,2,monitoring,timestamp_16,"52602",s,heart_rate,"153",bpm,,,,,,,,,,,,,,,,,,,,,,
Data,2,monitoring,timestamp_16,"52604",s,heart_rate,"156",bpm,,,,,,,,,,,,,,,,,,,,,,
Data,2,monitoring,timestamp_16,"52619",s,heart_rate,"156",bpm,,,,,,,,,,,,,,,,,,,,,,
Data,2,monitoring,timestamp_16,"52635",s,heart_rate,"153",bpm,,,,,,,,,,,,,,,,,,,,,,
Data,2,monitoring,timestamp_16,"52650",s,heart_rate,"144",bpm,,,,,,,,,,,,,,,,,,,,,,
Data,2,monitoring,timestamp_16,"52665",s,heart_rate,"147",bpm,,,,,,,,,,,,,,,,,,,,,,
Data,2,monitoring,timestamp_16,"52681",s,heart_rate,"147",bpm,,,,,,,,,,,,,,,,,,,,,,
Data,2,monitoring,timestamp_16,"52696",s,heart_rate,"147",bpm,,,,,,,,,,,,,,,,,,,,,,
Data,2,monitoring,timestamp_16,"52711",s,heart_rate,"148",bpm,,,,,,,,,,,,,,,,,,,,,,
Data,2,monitoring,timestamp_16,"52726",s,heart_rate,"148",bpm,,,,,,,,,,,,,,,,,,,,,,
Data,2,monitoring,timestamp_16,"52727",s,heart_rate,"149",bpm,,,,,,,,,,,,,,,,,,,,,,
Data,2,monitoring,timestamp_16,"52743",s,heart_rate,"149",bpm,,,,,,,,,,,,,,,,,,,,,,
Data,2,monitoring,timestamp_16,"52758",s,heart_rate,"146",bpm,,,,,,,,,,,,,,,,,,,,,,
Data,2,monitoring,timestamp_16,"52761",s,heart_rate,"139",bpm,,,,,,,,,,,,,,,,,,,,,,
Data,2,monitoring,timestamp_16,"52772",s,heart_rate,"133",bpm,,,,,,,,,,,,,,,,,,,,,,
Data,2,monitoring,timestamp_16,"52775",s,heart_rate,"126",bpm,,,,,,,,,,,,,,,,,,,,,,
Data,2,monitoring,timestamp_16,"52782",s,heart_rate,"120",bpm,,,,,,,,,,,,,,,,,,,,,,
Data,2,monitoring,timestamp_16,"52791",s,heart_rate,"114",bpm,,,,,,,,,,,,,,,,,,,,,,
Data,2,monitoring,timestamp_16,"52794",s,heart_rate,"111",bpm,,,,,,,,,,,,,,,,,,,,,,
Data,2,monitoring,timestamp_16,"52798",s,heart_rate,"106",bpm,,,,,,,,,,,,,,,,,,,,,,
Data,2,monitoring,timestamp_16,"52814",s,heart_rate,"107",bpm,,,,,,,,,,,,,,,,,,,,,,
Data,2,monitoring,timestamp_16,"52829",s,heart_rate,"108",bpm,,,,,,,,,,,,,,,,,,,,,,
Data,2,monitoring,timestamp_16,"52839",s,heart_rate,"101",bpm,,,,,,,,,,,,,,,,,,,,,,
Data,2,monitoring,timestamp_16,"52848",s,heart_rate,"109",bpm,,,,,,,,,,,,,,,,,,,,,,
Data,5,monitoring,steps,"754",steps,active_time,"286.0",s,active_calories,"38",kcal,timestamp_16,"52860",s,current_activity_type_intensity,"129",,activity_type,"1",,intensity,"4.0",,,,,,,,
Data,2,monitoring,timestamp_16,"52864",s,heart_rate,"109",bpm,,,,,,,,,,,,,,,,,,,,,,
Data,2,monitoring,timestamp_16,"52879",s,heart_rate,"109",bpm,,,,,,,,,,,,,,,,,,,,,,
Data,2,monitoring,timestamp_16,"52894",s,heart_rate,"109",bpm,,,,,,,,,,,,,,,,,,,,,,
Data,2,monitoring,timestamp_16,"52909",s,heart_rate,"109",bpm,,,,,,,,,,,,,,,,,,,,,,
Data,2,monitoring,timestamp_16,"52918",s,heart_rate,"112",bpm,,,,,,,,,,,,,,,,,,,,,,
Data,2,monitoring,timestamp_16,"52934",s,heart_rate,"112",bpm,,,,,,,,,,,,,,,,,,,,,,
Data,2,monitoring,timestamp_16,"52936",s,heart_rate,"102",bpm,,,,,,,,,,,,,,,,,,,,,,
Data,2,monitoring,timestamp_16,"52950",s,heart_rate,"93",bpm,,,,,,,,,,,,,,,,,,,,,,
Data,2,monitoring,timestamp_16,"52965",s,heart_rate,"93",bpm,,,,,,,,,,,,,,,,,,,,,,
Data,2,monitoring,timestamp_16,"52981",s,heart_rate,"93",bpm,,,,,,,,,,,,,,,,,,,,,,
Data,2,monitoring,timestamp_16,"52987",s,heart_rate,"85",bpm,,,,,,,,,,,,,,,,,,,,,,
Data,2,monitoring,timestamp_16,"53002",s,heart_rate,"89",bpm,,,,,,,,,,,,,,,,,,,,,,
Data,2,monitoring,timestamp_16,"53017",s,heart_rate,"89",bpm,,,,,,,,,,,,,,,,,,,,,,
Data,2,monitoring,timestamp_16,"53032",s,heart_rate,"83",bpm,,,,,,,,,,,,,,,,,,,,,,
Data,2,monitoring,timestamp_16,"53047",s,heart_rate,"76",bpm,,,,,,,,,,,,,,,,,,,,,,
Data,2,monitoring,timestamp_16,"53062",s,heart_rate,"76",bpm,,,,,,,,,,,,,,,,,,,,,,
Data,2,monitoring,timestamp_16,"53077",s,heart_rate,"76",bpm,,,,,,,,,,,,,,,,,,,,,,
Data,2,monitoring,timestamp_16,"53092",s,heart_rate,"76",bpm,,,,,,,,,,,,,,,,,,,,,,
Data,2,monitoring,timestamp_16,"53108",s,heart_rate,"76",bpm,,,,,,,,,,,,,,,,,,,,,,
Data,2,monitoring,timestamp_16,"53123",s,heart_rate,"70",bpm,,,,,,,,,,,,,,,,,,,,,,
Data,2,monitoring,timestamp_16,"53138",s,heart_rate,"70",bpm,,,,,,,,,,,,,,,,,,,,,,
Data,2,monitoring,timestamp_16,"53153",s,heart_rate,"70",bpm,,,,,,,,,,,,,,,,,,,,,,
Data,5,monitoring,steps,"2389",steps,active_time,"1198.0",s,active_calories,"47",kcal,timestamp_16,"53160",s,current_activity_type_intensity,"70",,activity_type,"6",,intensity,"2.0",,,,,,,,
Data,2,monitoring,timestamp_16,"53169",s,heart_rate,"70",bpm,,,,,,,,,,,,,,,,,,,,,,
Data,2,monitoring,timestamp_16,"53174",s,heart_rate,"66",bpm,,,,,,,,,,,,,,,,,,,,,,
Data,2,monitoring,timestamp_16,"53176",s,heart_rate,"62",bpm,,,,,,,,,,,,,,,,,,,,,,
Data,2,monitoring,timestamp_16,"53178",s,heart_rate,"59",bpm,,,,,,,,,,,,,,,,,,,,,,
Data,2,monitoring,timestamp_16,"53189",s,heart_rate,"69",bpm,,,,,,,,,,,,,,,,,,,,,,
Data,2,monitoring,timestamp_16,"53204",s,heart_rate,"70",bpm,,,,,,,,,,,,,,,,,,,,,,
Data,2,monitoring,timestamp_16,"53218",s,heart_rate,"74",bpm,,,,,,,,,,,,,,,,,,,,,,
Data,2,monitoring,timestamp_16,"53234",s,heart_rate,"72",bpm,,,,,,,,,,,,,,,,,,,,,,
Data,2,monitoring,timestamp_16,"53238",s,heart_rate,"69",bpm,,,,,,,,,,,,,,,,,,,,,,
Data,2,monitoring,timestamp_16,"53247",s,heart_rate,"75",bpm,,,,,,,,,,,,,,,,,,,,,,
Data,2,monitoring,timestamp_16,"53258",s,heart_rate,"83",bpm,,,,,,,,,,,,,,,,,,,,,,
Data,2,monitoring,timestamp_16,"53265",s,heart_rate,"90",bpm,,,,,,,,,,,,,,,,,,,,,,
Data,2,monitoring,timestamp_16,"53272",s,heart_rate,"98",bpm,,,,,,,,,,,,,,,,,,,,,,
Data,2,monitoring,timestamp_16,"53282",s,heart_rate,"118",bpm,,,,,,,,,,,,,,,,,,,,,,
Data,2,monitoring,timestamp_16,"53294",s,heart_rate,"111",bpm,,,,,,,,,,,,,,,,,,,,,,
Data,2,monitoring,timestamp_16,"53296",s,heart_rate,"117",bpm,,,,,,,,,,,,,,,,,,,,,,
Data,2,monitoring,timestamp_16,"53310",s,heart_rate,"107",bpm,,,,,,,,,,,,,,,,,,,,,,
Data,2,monitoring,timestamp_16,"53315",s,heart_rate,"99",bpm,,,,,,,,,,,,,,,,,,,,,,
Data,2,monitoring,timestamp_16,"53316",s,heart_rate,"91",bpm,,,,,,,,,,,,,,,,,,,,,,
Data,2,monitoring,timestamp_16,"53331",s,heart_rate,"91",bpm,,,,,,,,,,,,,,,,,,,,,,
Data,2,monitoring,timestamp_16,"53349",s,heart_rate,"90",bpm,,,,,,,,,,,,,,,,,,,,,,
Data,2,monitoring,timestamp_16,"53364",s,heart_rate,"94",bpm,,,,,,,,,,,,,,,,,,,,,,
Data,2,monitoring,timestamp_16,"53379",s,heart_rate,"94",bpm,,,,,,,,,,,,,,,,,,,,,,
Data,2,monitoring,timestamp_16,"53388",s,heart_rate,"102",bpm,,,,,,,,,,,,,,,,,,,,,,
Data,2,monitoring,timestamp_16,"53404",s,heart_rate,"102",bpm,,,,,,,,,,,,,,,,,,,,,,
Data,2,monitoring,timestamp_16,"53419",s,heart_rate,"104",bpm,,,,,,,,,,,,,,,,,,,,,,
Data,2,monitoring,timestamp_16,"53423",s,heart_rate,"116",bpm,,,,,,,,,,,,,,,,,,,,,,
Data,2,monitoring,timestamp_16,"53438",s,heart_rate,"116",bpm,,,,,,,,,,,,,,,,,,,,,,
Data,2,monitoring,timestamp_16,"53453",s,heart_rate,"116",bpm,,,,,,,,,,,,,,,,,,,,,,
Data,4,monitoring,steps,"1536",steps,active_time,"574.0",s,timestamp_16,"53460",s,current_activity_type_intensity,"129",,activity_type,"1",,intensity,"4.0",,,,,,,,,,,
Data,2,monitoring,timestamp_16,"53465",s,heart_rate,"108",bpm,,,,,,,,,,,,,,,,,,,,,,
Data,2,monitoring,timestamp_16,"53468",s,heart_rate,"101",bpm,,,,,,,,,,,,,,,,,,,,,,
Data,2,monitoring,timestamp_16,"53483",s,heart_rate,"101",bpm,,,,,,,,,,,,,,,,,,,,,,
Data,2,monitoring,timestamp_16,"53498",s,heart_rate,"101",bpm,,,,,,,,,,,,,,,,,,,,,,
Data,2,monitoring,timestamp_16,"53513",s,heart_rate,"101",bpm,,,,,,,,,,,,,,,,,,,,,,
Data,2,monitoring,timestamp_16,"53529",s,heart_rate,"101",bpm,,,,,,,,,,,,,,,,,,,,,,
Data,2,monitoring,timestamp_16,"53542",s,heart_rate,"93",bpm,,,,,,,,,,,,,,,,,,,,,,
Data,2,monitoring,timestamp_16,"53552",s,heart_rate,"85",bpm,,,,,,,,,,,,,,,,,,,,,,
Data,2,monitoring,timestamp_16,"53564",s,heart_rate,"79",bpm,,,,,,,,,,,,,,,,,,,,,,
Data,2,monitoring,timestamp_16,"53576",s,heart_rate,"74",bpm,,,,,,,,,,,,,,,,,,,,,,
Data,2,monitoring,timestamp_16,"53592",s,heart_rate,"74",bpm,,,,,,,,,,,,,,,,,,,,,,
Data,2,monitoring,timestamp_16,"53603",s,heart_rate,"69",bpm,,,,,,,,,,,,,,,,,,,,,,
Data,2,monitoring,timestamp_16,"53606",s,heart_rate,"65",bpm,,,,,,,,,,,,,,,,,,,,,,
Data,2,monitoring,timestamp_16,"53621",s,heart_rate,"65",bpm,,,,,,,,,,,,,,,,,,,,,,
Data,2,monitoring,timestamp_16,"53634",s,heart_rate,"61",bpm,,,,,,,,,,,,,,,,,,,,,,
Data,2,monitoring,timestamp_16,"53641",s,heart_rate,"56",bpm,,,,,,,,,,,,,,,,,,,,,,
Data,2,monitoring,timestamp_16,"53656",s,heart_rate,"56",bpm,,,,,,,,,,,,,,,,,,,,,,
Data,2,monitoring,timestamp_16,"53671",s,heart_rate,"56",bpm,,,,,,,,,,,,,,,,,,,,,,
Data,2,monitoring,timestamp_16,"53685",s,heart_rate,"51",bpm,,,,,,,,,,,,,,,,,,,,,,
Data,2,monitoring,timestamp_16,"53701",s,heart_rate,"51",bpm,,,,,,,,,,,,,,,,,,,,,,
Data,2,monitoring,timestamp_16,"53716",s,heart_rate,"51",bpm,,,,,,,,,,,,,,,,,,,,,,
Data,2,monitoring,timestamp_16,"53731",s,heart_rate,"51",bpm,,,,,,,,,,,,,,,,,,,,,,
Data,2,monitoring,timestamp_16,"53746",s,heart_rate,"51",bpm,,,,,,,,,,,,,,,,,,,,,,
Data,5,monitoring,steps,"2956",steps,active_time,"1486.0",s,active_calories,"57",kcal,timestamp_16,"53760",s,current_activity_type_intensity,"70",,activity_type,"6",,intensity,"2.0",,,,,,,,
Data,2,monitoring,timestamp_16,"53762",s,heart_rate,"51",bpm,,,,,,,,,,,,,,,,,,,,,,
Data,2,monitoring,timestamp_16,"53777",s,heart_rate,"51",bpm,,,,,,,,,,,,,,,,,,,,,,
Data,2,monitoring,timestamp_16,"53785",s,heart_rate,"57",bpm,,,,,,,,,,,,,,,,,,,,,,
Data,2,monitoring,timestamp_16,"53787",s,heart_rate,"68",bpm,,,,,,,,,,,,,,,,,,,,,,
Data,2,monitoring,timestamp_16,"53800",s,heart_rate,"62",bpm,,,,,,,,,,,,,,,,,,,,,,
Data,2,monitoring,timestamp_16,"53815",s,heart_rate,"65",bpm,,,,,,,,,,,,,,,,,,,,,,
Data,2,monitoring,timestamp_16,"53829",s,heart_rate,"67",bpm,,,,,,,,,,,,,,,,,,,,,,
Data,2,monitoring,timestamp_16,"53844",s,heart_rate,"67",bpm,,,,,,,,,,,,,,,,,,,,,,
Data,2,monitoring,timestamp_16,"53859",s,heart_rate,"68",bpm,,,,,,,,,,,,,,,,,,,,,,
Data,2,monitoring,timestamp_16,"53871",s,heart_rate,"75",bpm,,,,,,,,,,,,,,,,,,,,,,
Data,2,monitoring,timestamp_16,"53887",s,heart_rate,"76",bpm,,,,,,,,,,,,,,,,,,,,,,
Data,2,monitoring,timestamp_16,"53889",s,heart_rate,"83",bpm,,,,,,,,,,,,,,,,,,,,,,
Data,2,monitoring,timestamp_16,"53904",s,heart_rate,"81",bpm,,,,,,,,,,,,,,,,,,,,,,
Data,2,monitoring,timestamp_16,"53912",s,heart_rate,"87",bpm,,,,,,,,,,,,,,,,,,,,,,
Data,2,monitoring,timestamp_16,"53927",s,heart_rate,"87",bpm,,,,,,,,,,,,,,,,,,,,,,
Data,2,monitoring,timestamp_16,"53928",s,heart_rate,"92",bpm,,,,,,,,,,,,,,,,,,,,,,
Data,2,monitoring,timestamp_16,"53930",s,heart_rate,"95",bpm,,,,,,,,,,,,,,,,,,,,,,
Data,2,monitoring,timestamp_16,"53936",s,heart_rate,"104",bpm,,,,,,,,,,,,,,,,,,,,,,
Data,2,monitoring,timestamp_16,"53939",s,heart_rate,"108",bpm,,,,,,,,,,,,,,,,,,,,,,
Data,2,monitoring,timestamp_16,"53955",s,heart_rate,"121",bpm,,,,,,,,,,,,,,,,,,,,,,
Data,2,monitoring,timestamp_16,"53969",s,heart_rate,"116",bpm,,,,,,,,,,,,,,,,,,,,,,
Data,2,monitoring,timestamp_16,"53984",s,heart_rate,"118",bpm,,,,,,,,,,,,,,,,,,,,,,
Data,2,monitoring,timestamp_16,"54001",s,heart_rate,"118",bpm,,,,,,,,,,,,,,,,,,,,,,
Data,2,monitoring,timestamp_16,"54016",s,heart_rate,"118",bpm,,,,,,,,,,,,,,,,,,,,,,
Data,2,monitoring,timestamp_16,"54031",s,heart_rate,"118",bpm,,,,,,,,,,,,,,,,,,,,,,
Data,2,monitoring,timestamp_16,"54046",s,heart_rate,"114",bpm,,,,,,,,,,,,,,,,,,,,,,
Data,4,monitoring,steps,"2307",steps,active_time,"859.0",s,timestamp_16,"54060",s,current_activity_type_intensity,"129",,activity_type,"1",,intensity,"4.0",,,,,,,,,,,
Data,2,monitoring,timestamp_16,"54065",s,heart_rate,"114",bpm,,,,,,,,,,,,,,,,,,,,,,
Data,2,monitoring,timestamp_16,"54066",s,heart_rate,"106",bpm,,,,,,,,,,,,,,,,,,,,,,
Data,2,monitoring,timestamp_16,"54081",s,heart_rate,"100",bpm,,,,,,,,,,,,,,,,,,,,,,
Data,2,monitoring,timestamp_16,"54082",s,heart_rate,"94",bpm,,,,,,,,,,,,,,,,,,,,,,
Data,2,monitoring,timestamp_16,"54083",s,heart_rate,"90",bpm,,,,,,,,,,,,,,,,,,,,,,
Data,2,monitoring,timestamp_16,"54084",s,heart_rate,"85",bpm,,,,,,,,,,,,,,,,,,,,,,
Data,2,monitoring,timestamp_16,"54099",s,heart_rate,"85",bpm,,,,,,,,,,,,,,,,,,,,,,
Data,2,monitoring,timestamp_16,"54112",s,heart_rate,"81",bpm,,,,,,,,,,,,,,,,,,,,,,
Data,2,monitoring,timestamp_16,"54127",s,heart_rate,"77",bpm,,,,,,,,,,,,,,,,,,,,,,
Data,2,monitoring,timestamp_16,"54142",s,heart_rate,"77",bpm,,,,,,,,,,,,,,,,,,,,,,
Data,2,monitoring,timestamp_16,"54157",s,heart_rate,"77",bpm,,,,,,,,,,,,,,,,,,,,,,
Data,2,monitoring,timestamp_16,"54158",s,heart_rate,"72",bpm,,,,,,,,,,,,,,,,,,,,,,
Data,2,monitoring,timestamp_16,"54170",s,heart_rate,"68",bpm,,,,,,,,,,,,,,,,,,,,,,
Data,2,monitoring,timestamp_16,"54188",s,heart_rate,"68",bpm,,,,,,,,,,,,,,,,,,,,,,
Data,2,monitoring,timestamp_16,"54192",s,heart_rate,"65",bpm,,,,,,,,,,,,,,,,,,,,,,
Data,2,monitoring,timestamp_16,"54207",s,heart_rate,"65",bpm,,,,,,,,,,,,,,,,,,,,,,
Data,2,monitoring,timestamp_16,"54208",s,heart_rate,"61",bpm,,,,,,,,,,,,,,,,,,,,,,
Data,2,monitoring,timestamp_16,"54223",s,heart_rate,"61",bpm,,,,,,,,,,,,,,,,,,,,,,
Data,2,monitoring,timestamp_16,"54238",s,heart_rate,"61",bpm,,,,,,,,,,,,,,,,,,,,,,
Data,2,monitoring,timestamp_16,"54254",s,heart_rate,"61",bpm,,,,,,,,,,,,,,,,,,,,,,
Data,2,monitoring,timestamp_16,"54269",s,heart_rate,"61",bpm,,,,,,,,,,,,,,,,,,,,,,
Data,2,monitoring,timestamp_16,"54279",s,heart_rate,"56",bpm,,,,,,,,,,,,,,,,,,,,,,
Data,2,monitoring,timestamp_16,"54294",s,heart_rate,"54",bpm,,,,,,,,,,,,,,,,,,,,,,
Data,2,monitoring,timestamp_16,"54310",s,heart_rate,"54",bpm,,,,,,,,,,,,,,,,,,,,,,
Data,2,monitoring,timestamp_16,"54316",s,heart_rate,"51",bpm,,,,,,,,,,,,,,,,,,,,,,
Data,2,monitoring,timestamp_16,"54331",s,heart_rate,"51",bpm,,,,,,,,,,,,,,,,,,,,,,
Data,2,monitoring,timestamp_16,"54346",s,heart_rate,"51",bpm,,,,,,,,,,,,,,,,,,,,,,
Data,2,monitoring,timestamp_16,"54362",s,heart_rate,"51",bpm,,,,,,,,,,,,,,,,,,,,,,
Data,2,monitoring,timestamp_16,"54377",s,heart_rate,"51",bpm,,,,,,,,,,,,,,,,,,,,,,
Data,2,monitoring,timestamp_16,"54392",s,heart_rate,"51",bpm,,,,,,,,,,,,,,,,,,,,,,
Data,2,monitoring,timestamp_16,"54407",s,heart_rate,"51",bpm,,,,,,,,,,,,,,,,,,,,,,
Data,2,monitoring,timestamp_16,"54423",s,heart_rate,"51",bpm,,,,,,,,,,,,,,,,,,,,,,
Data,2,monitoring,timestamp_16,"54438",s,heart_rate,"51",bpm,,,,,,,,,,,,,,,,,,,,,,
Data,2,monitoring,timestamp_16,"54453",s,heart_rate,"51",bpm,,,,,,,,,,,,,,,,,,,,,,
Data,2,monitoring,timestamp_16,"54468",s,heart_rate,"51",bpm,,,,,,,,,,,,,,,,,,,,,,
Data,2,monitoring,timestamp_16,"54486",s,heart_rate,"51",bpm,,,,,,,,,,,,,,,,,,,,,,
Data,2,monitoring,timestamp_16,"54501",s,heart_rate,"51",bpm,,,,,,,,,,,,,,,,,,,,,,
Data,2,monitoring,timestamp_16,"54516",s,heart_rate,"51",bpm,,,,,,,,,,,,,,,,,,,,,,
Data,2,monitoring,timestamp_16,"54531",s,heart_rate,"51",bpm,,,,,,,,,,,,,,,,,,,,,,
Data,2,monitoring,timestamp_16,"54547",s,heart_rate,"51",bpm,,,,,,,,,,,,,,,,,,,,,,
Data,2,monitoring,timestamp_16,"54562",s,heart_rate,"51",bpm,,,,,,,,,,,,,,,,,,,,,,
Data,2,monitoring,timestamp_16,"54577",s,heart_rate,"51",bpm,,,,,,,,,,,,,,,,,,,,,,
Data,2,monitoring,timestamp_16,"54592",s,heart_rate,"51",bpm,,,,,,,,,,,,,,,,,,,,,,
Data,2,monitoring,timestamp_16,"54607",s,heart_rate,"48",bpm,,,,,,,,,,,,,,,,,,,,,,
Data,2,monitoring,timestamp_16,"54622",s,heart_rate,"48",bpm,,,,,,,,,,,,,,,,,,,,,,
Data,2,monitoring,timestamp_16,"54637",s,heart_rate,"48",bpm,,,,,,,,,,,,,,,,,,,,,,
Data,2,monitoring,timestamp_16,"54652",s,heart_rate,"48",bpm,,,,,,,,,,,,,,,,,,,,,,
Data,2,monitoring,timestamp_16,"54668",s,heart_rate,"48",bpm,,,,,,,,,,,,,,,,,,,,,,
Data,2,monitoring,timestamp_16,"54683",s,heart_rate,"48",bpm,,,,,,,,,,,,,,,,,,,,,,
Data,2,monitoring,timestamp_16,"54698",s,heart_rate,"48",bpm,,,,,,,,,,,,,,,,,,,,,,
Data,2,monitoring,timestamp_16,"54713",s,heart_rate,"48",bpm,,,,,,,,,,,,,,,,,,,,,,
Data,2,monitoring,timestamp_16,"54732",s,heart_rate,"48",bpm,,,,,,,,,,,,,,,,,,,,,,
Data,2,monitoring,timestamp_16,"54747",s,heart_rate,"48",bpm,,,,,,,,,,,,,,,,,,,,,,
Data,2,monitoring,timestamp_16,"54762",s,heart_rate,"48",bpm,,,,,,,,,,,,,,,,,,,,,,
Data,2,monitoring,timestamp_16,"54777",s,heart_rate,"48",bpm,,,,,,,,,,,,,,,,,,,,,,
Data,4,monitoring,steps,"4049",steps,active_time,"2047.0",s,timestamp_16,"54780",s,current_activity_type_intensity,"70",,activity_type,"6",,intensity,"2.0",,,,,,,,,,,
Data,2,monitoring,timestamp_16,"54793",s,heart_rate,"48",bpm,,,,,,,,,,,,,,,,,,,,,,
Data,2,monitoring,timestamp_16,"54808",s,heart_rate,"48",bpm,,,,,,,,,,,,,,,,,,,,,,
Data,2,monitoring,timestamp_16,"54823",s,heart_rate,"48",bpm,,,,,,,,,,,,,,,,,,,,,,
Data,2,monitoring,timestamp_16,"54838",s,heart_rate,"49",bpm,,,,,,,,,,,,,,,,,,,,,,
Data,2,monitoring,timestamp_16,"54855",s,heart_rate,"49",bpm,,,,,,,,,,,,,,,,,,,,,,
Data,2,monitoring,timestamp_16,"54870",s,heart_rate,"49",bpm,,,,,,,,,,,,,,,,,,,,,,
Data,2,monitoring,timestamp_16,"54885",s,heart_rate,"49",bpm,,,,,,,,,,,,,,,,,,,,,,
Data,2,monitoring,timestamp_16,"54901",s,heart_rate,"49",bpm,,,,,,,,,,,,,,,,,,,,,,
Data,2,monitoring,timestamp_16,"54916",s,heart_rate,"49",bpm,,,,,,,,,,,,,,,,,,,,,,
Data,2,monitoring,timestamp_16,"54931",s,heart_rate,"49",bpm,,,,,,,,,,,,,,,,,,,,,,
Data,2,monitoring,timestamp_16,"54946",s,heart_rate,"49",bpm,,,,,,,,,,,,,,,,,,,,,,
Data,3,monitoring,timestamp_16,"54960",s,current_activity_type_intensity,"200",,activity_type,"8",,intensity,"6.0",,,,,,,,,,,,,,,,,
Data,2,monitoring,timestamp_16,"54961",s,heart_rate,"72",bpm,,,,,,,,,,,,,,,,,,,,,,
Data,2,monitoring,timestamp_16,"54976",s,heart_rate,"72",bpm,,,,,,,,,,,,,,,,,,,,,,
Data,3,monitoring,timestamp_16,"55020",s,current_activity_type_intensity,"136",,activity_type,"8",,intensity,"4.0",,,,,,,,,,,,,,,,,
Data,2,monitoring,timestamp_16,"55023",s,heart_rate,"72",bpm,,,,,,,,,,,,,,,,,,,,,,
Data,2,monitoring,timestamp_16,"55038",s,heart_rate,"72",bpm,,,,,,,,,,,,,,,,,,,,,,
Data,2,monitoring,timestamp_16,"55053",s,heart_rate,"72",bpm,,,,,,,,,,,,,,,,,,,,,,
Data,2,monitoring,timestamp_16,"55068",s,heart_rate,"72",bpm,,,,,,,,,,,,,,,,,,,,,,
Data,2,monitoring,timestamp_16,"55084",s,heart_rate,"72",bpm,,,,,,,,,,,,,,,,,,,,,,
Data,2,monitoring,timestamp_16,"55099",s,heart_rate,"72",bpm,,,,,,,,,,,,,,,,,,,,,,
Data,2,monitoring,timestamp_16,"55114",s,heart_rate,"72",bpm,,,,,,,,,,,,,,,,,,,,,,
Data,3,monitoring,timestamp_16,"55560",s,current_activity_type_intensity,"8",,activity_type,"8",,intensity,"0.0",,,,,,,,,,,,,,,,,
Data,6,event,timestamp,"998824200",s,data16,"5357",,event,"11",,event_type,"3",,battery_level,"5357.0",V,,,,,,,,,,,,,
Data,3,monitoring,timestamp_16,"56280",s,current_activity_type_intensity,"8",,activity_type,"8",,intensity,"0.0",,,,,,,,,,,,,,,,,
Data,6,event,timestamp,"998824920",s,data16,"5228",,event,"11",,event_type,"3",,battery_level,"5228.0",V,,,,,,,,,,,,,
Data,3,monitoring,timestamp_16,"60180",s,current_activity_type_intensity,"8",,activity_type,"8",,intensity,"0.0",,,,,,,,,,,,,,,,,
Data,4,monitoring,steps,"4091",steps,active_time,"2068.0",s,timestamp_16,"60240",s,current_activity_type_intensity,"70",,activity_type,"6",,intensity,"2.0",,,,,,,,,,,
Data,3,monitoring,timestamp_16,"60300",s,current_activity_type_intensity,"168",,activity_type,"8",,intensity,"5.0",,,,,,,,,,,,,,,,,
Data,3,monitoring,timestamp_16,"60360",s,current_activity_type_intensity,"8",,activity_type,"8",,intensity,"0.0",,,,,,,,,,,,,,,,,
Data,3,monitoring,timestamp_16,"60420",s,current_activity_type_intensity,"72",,activity_type,"8",,intensity,"2.0",,,,,,,,,,,,,,,,,
Data,3,monitoring,timestamp_16,"60960",s,current_activity_type_intensity,"8",,activity_type,"8",,intensity,"0.0",,,,,,,,,,,,,,,,,
Data,6,event,timestamp,"998829600",s,data16,"5357",,event,"11",,event_type,"3",,battery_level,"5357.0",V,,,,,,,,,,,,,
Data,3,monitoring,timestamp_16,"62040",s,current_activity_type_intensity,"8",,activity_type,"8",,intensity,"0.0",,,,,,,,,,,,,,,,,
Data,3,monitoring,timestamp_16,"62100",s,current_activity_type_intensity,"136",,activity_type,"8",,intensity,"4.0",,,,,,,,,,,,,,,,,
Data,3,monitoring,timestamp_16,"62101",s,current_activity_type_intensity,"8",,activity_type,"8",,intensity,"0.0",,,,,,,,,,,,,,,,,
Data,1,monitoring,timestamp,"998830741",s,steps,"4091",steps,active_time,"2068.0",s,active_calories,"75",kcal,duration_min,"1379",min,activity_type,"6",,,,,,,,,,,
Data,1,monitoring,timestamp,"998830741",s,steps,"2307",steps,active_time,"859.0",s,active_calories,"110",kcal,duration_min,"1379",min,activity_type,"1",,,,,,,,,,,
